title,price,img_src,link,author,publisher
호프가 여기에 있었다,"12,420원(-10%)",https://bookthumb-phinf.pstatic.net/cover/163/474/16347442.jpg?type=m1&udate=Mon May 11 16:11:04 KST 2020,http://book.naver.com/bookdb/book_detail.nhn?bid=16347442, 조앤 바우어,도토리숲
눈 밖에 난 자들,"12,600원(-10%)",https://bookthumb-phinf.pstatic.net/cover/163/474/16347423.jpg?type=m1&udate=Mon May 11 16:11:04 KST 2020,http://book.naver.com/bookdb/book_detail.nhn?bid=16347423, 성은영,아마존의나비
메리 포핀스(걸 클래식 컬렉션 2),"10,620원(-10%)",https://bookthumb-phinf.pstatic.net/cover/163/492/16349254.jpg?type=m1&udate=Mon May 11 16:11:04 KST 2020,http://book.naver.com/bookdb/book_detail.nhn?bid=16349254, 패멀라 린던 트래버스,윌북
키다리 아저씨(걸 클래식 컬렉션 2),"11,520원(-10%)",https://bookthumb-phinf.pstatic.net/cover/163/492/16349255.jpg?type=m1&udate=Mon May 11 16:11:04 KST 2020,http://book.naver.com/bookdb/book_detail.nhn?bid=16349255, 진 웹스터,윌북
걸 클래식 컬렉션 2 세트,"45,360원(-10%)",https://bookthumb-phinf.pstatic.net/cover/163/475/16347598.jpg?type=m1&udate=Mon May 11 16:11:04 KST 2020,http://book.naver.com/bookdb/book_detail.nhn?bid=16347598, 진 웹스터,윌북(willbook)
환담·관화담,"10,800원(-10%)",https://bookthumb-phinf.pstatic.net/cover/163/492/16349276.jpg?type=m1&udate=Mon May 11 16:11:04 KST 2020,http://book.naver.com/bookdb/book_detail.nhn?bid=16349276, 고다 로한,연암서가
무지개(상)(양장본 HardCover),"17,100원(-10%)",https://bookthumb-phinf.pstatic.net/cover/163/412/16341244.jpg?type=m1&udate=Mon May 11 16:11:04 KST 2020,http://book.naver.com/bookdb/book_detail.nhn?bid=16341244, 김한창,바밀리온
비밀의 화원(걸 클래식 컬렉션 2),"13,320원(-10%)",https://bookthumb-phinf.pstatic.net/cover/163/493/16349306.jpg?type=m1&udate=Mon May 11 16:11:04 KST 2020,http://book.naver.com/bookdb/book_detail.nhn?bid=16349306, 프랜시스 호지슨 버넷,윌북
무지개(하)(양장본 HardCover),"17,100원(-10%)",https://bookthumb-phinf.pstatic.net/cover/163/412/16341245.jpg?type=m1&udate=Mon May 11 16:11:04 KST 2020,http://book.naver.com/bookdb/book_detail.nhn?bid=16341245, 김한창,바밀리온
이상한 나라의 앨리스(걸 클래식 컬렉션 2),"9,900원(-10%)",https://bookthumb-phinf.pstatic.net/cover/163/493/16349307.jpg?type=m1&udate=Mon May 11 16:11:04 KST 2020,http://book.naver.com/bookdb/book_detail.nhn?bid=16349307, 루이스 캐럴,윌북
장녀,"12,600원(-10%)",https://bookthumb-phinf.pstatic.net/cover/163/457/16345768.jpg?type=m1&udate=Mon May 11 16:11:04 KST 2020,http://book.naver.com/bookdb/book_detail.nhn?bid=16345768, 황의건,예미
당신에게 가고 있어(Stella Odyssey Trilogy 2),"12,600원(-10%)",https://bookthumb-phinf.pstatic.net/cover/163/483/16348367.jpg?type=m1&udate=Mon May 11 16:11:04 KST 2020,http://book.naver.com/bookdb/book_detail.nhn?bid=16348367, 김보영,새파란상상
미래로 가는 아이들(Stella Odyssey Trilogy 3),"12,600원(-10%)",https://bookthumb-phinf.pstatic.net/cover/163/483/16348369.jpg?type=m1&udate=Mon May 11 16:11:04 KST 2020,http://book.naver.com/bookdb/book_detail.nhn?bid=16348369, 김보영,새파란상상
스텔라 오디세이 트릴로지 세트(Stella Odyssey Trilogy)(전3권),"27,000원(-10%)",https://bookthumb-phinf.pstatic.net/cover/163/483/16348370.jpg?type=m1&udate=Mon May 11 16:11:04 KST 2020,http://book.naver.com/bookdb/book_detail.nhn?bid=16348370, 김보영,새파란상상
숙적과의 동침,"12,420원(-10%)",https://bookthumb-phinf.pstatic.net/cover/163/488/16348862.jpg?type=m1&udate=Mon May 11 16:11:04 KST 2020,http://book.naver.com/bookdb/book_detail.nhn?bid=16348862, 고지영,가하
당신을 기다리고 있어(Stella Odyssey Trilogy 1),"12,420원(-10%)",https://bookthumb-phinf.pstatic.net/cover/163/483/16348366.jpg?type=m1&udate=Mon May 11 16:11:04 KST 2020,http://book.naver.com/bookdb/book_detail.nhn?bid=16348366, 김보영,새파란상상
당신을 기다리고 있어(Stella Odyssey Trilogy 1),"12,420원(-10%)",https://bookthumb-phinf.pstatic.net/cover/163/483/16348366.jpg?type=m1&udate=Mon May 11 16:11:04 KST 2020,http://book.naver.com/bookdb/book_detail.nhn?bid=16348366, 김보영,새파란상상
당신을 기다리고 있어(Stella Odyssey Trilogy 1),"12,420원(-10%)",https://bookthumb-phinf.pstatic.net/cover/163/483/16348366.jpg?type=m1&udate=Mon May 11 16:11:04 KST 2020,http://book.naver.com/bookdb/book_detail.nhn?bid=16348366, 김보영,새파란상상
당신을 기다리고 있어(Stella Odyssey Trilogy 1),"12,420원(-10%)",https://bookthumb-phinf.pstatic.net/cover/163/483/16348366.jpg?type=m1&udate=Mon May 11 16:11:04 KST 2020,http://book.naver.com/bookdb/book_detail.nhn?bid=16348366, 김보영,새파란상상
서유기 1,"10,800원(-10%)",https://bookthumb-phinf.pstatic.net/cover/163/306/16330642.jpg?type=m1&udate=Mon May 11 16:11:04 KST 2020,http://book.naver.com/bookdb/book_detail.nhn?bid=16330642, 오승은,책에반하다
지니어스 게임,"12,600원(-10%)",https://bookthumb-phinf.pstatic.net/cover/163/274/16327422.jpg?type=m1&udate=Mon May 11 16:11:04 KST 2020,http://book.naver.com/bookdb/book_detail.nhn?bid=16327422, 레오폴도 가우트,"미래인(미래M&B,미래엠앤비)"
어린왕자,"9,000원(-10%)",https://bookthumb-phinf.pstatic.net/cover/163/445/16344544.jpg?type=m1&udate=Mon May 11 16:11:04 KST 2020,http://book.naver.com/bookdb/book_detail.nhn?bid=16344544, 앙투안 드 생텍쥐페리,책에반하다
서유기 2,"10,800원(-10%)",https://bookthumb-phinf.pstatic.net/cover/163/306/16330646.jpg?type=m1&udate=Mon May 11 16:11:04 KST 2020,http://book.naver.com/bookdb/book_detail.nhn?bid=16330646, 오승은,책에반하다
명진이의 수학여행(함께교육 5),"13,500원(-10%)",https://bookthumb-phinf.pstatic.net/cover/163/449/16344998.jpg?type=m1&udate=Mon May 11 16:11:04 KST 2020,http://book.naver.com/bookdb/book_detail.nhn?bid=16344998, 권재원,서유재
키다리 아저씨,"10,800원(-10%)",https://bookthumb-phinf.pstatic.net/cover/163/445/16344542.jpg?type=m1&udate=Mon May 11 16:11:04 KST 2020,http://book.naver.com/bookdb/book_detail.nhn?bid=16344542, 진 웹스터,책에반하다
비수(계간문예작가선 104),"13,500원(-10%)",https://bookthumb-phinf.pstatic.net/cover/163/475/16347512.jpg?type=m1&udate=Mon May 11 16:11:04 KST 2020,http://book.naver.com/bookdb/book_detail.nhn?bid=16347512, 조경진,계간문예
피터팬,"14,850원(-10%)",https://bookthumb-phinf.pstatic.net/cover/163/446/16344620.jpg?type=m1&udate=Mon May 11 16:11:04 KST 2020,http://book.naver.com/bookdb/book_detail.nhn?bid=16344620, 제임스 매튜 배리,책에반하다
이스탄불 이스탄불,"13,050원(-10%)",https://bookthumb-phinf.pstatic.net/cover/163/491/16349190.jpg?type=m1&udate=Mon May 11 16:11:04 KST 2020,http://book.naver.com/bookdb/book_detail.nhn?bid=16349190, 부르한 쇤메즈,황소자리
내가 축구를 못하는 건 환경 탓이야 7,"7,200원(-10%)",https://bookthumb-phinf.pstatic.net/cover/163/496/16349618.jpg?type=m1&udate=Mon May 11 16:11:04 KST 2020,http://book.naver.com/bookdb/book_detail.nhn?bid=16349618, 김태왕,어울림출판사
못생겨도 천하제일 6,"7,200원(-10%)",https://bookthumb-phinf.pstatic.net/cover/163/496/16349623.jpg?type=m1&udate=Mon May 11 16:11:04 KST 2020,http://book.naver.com/bookdb/book_detail.nhn?bid=16349623, 장은성,어울림출판사
삼국지 1,"10,800원(-10%)",https://bookthumb-phinf.pstatic.net/cover/163/303/16330394.jpg?type=m1&udate=Mon May 11 16:11:04 KST 2020,http://book.naver.com/bookdb/book_detail.nhn?bid=16330394, 나관중,책에반하다
삼국지 2,"10,800원(-10%)",https://bookthumb-phinf.pstatic.net/cover/163/303/16330395.jpg?type=m1&udate=Mon May 11 16:11:04 KST 2020,http://book.naver.com/bookdb/book_detail.nhn?bid=16330395, 나관중,책에반하다
컴백 무황 10,"7,200원(-10%)",https://bookthumb-phinf.pstatic.net/cover/163/496/16349627.jpg?type=m1&udate=Mon May 11 16:11:04 KST 2020,http://book.naver.com/bookdb/book_detail.nhn?bid=16349627, 길튼,어울림출판사
게임으로 성군이 되자 9,"7,200원(-10%)",https://bookthumb-phinf.pstatic.net/cover/163/496/16349611.jpg?type=m1&udate=Mon May 11 16:11:04 KST 2020,http://book.naver.com/bookdb/book_detail.nhn?bid=16349611, 다물,어울림출판사
폭군의 아이를 가졌습니다(세트)(전3권),"31,860원(-10%)",https://bookthumb-phinf.pstatic.net/cover/163/422/16342250.jpg?type=m1&udate=Mon May 11 16:11:04 KST 2020,http://book.naver.com/bookdb/book_detail.nhn?bid=16342250, 류란,페리윙클
폭군의 아이를 가졌습니다. 1,"10,620원(-10%)",https://bookthumb-phinf.pstatic.net/cover/163/422/16342261.jpg?type=m1&udate=Mon May 11 16:11:04 KST 2020,http://book.naver.com/bookdb/book_detail.nhn?bid=16342261, 류란,페리윙클
폭군의 아이를 가졌습니다. 2,"10,620원(-10%)",https://bookthumb-phinf.pstatic.net/cover/163/422/16342264.jpg?type=m1&udate=Mon May 11 16:11:04 KST 2020,http://book.naver.com/bookdb/book_detail.nhn?bid=16342264, 류란,페리윙클
폭군의 아이를 가졌습니다. 3,"10,620원(-10%)",https://bookthumb-phinf.pstatic.net/cover/163/422/16342265.jpg?type=m1&udate=Mon May 11 16:11:04 KST 2020,http://book.naver.com/bookdb/book_detail.nhn?bid=16342265, 류란,페리윙클
다시 태어나도 그 놈은 피해라 7,"7,200원(-10%)",https://bookthumb-phinf.pstatic.net/cover/163/496/16349621.jpg?type=m1&udate=Mon May 11 16:11:04 KST 2020,http://book.naver.com/bookdb/book_detail.nhn?bid=16349621, 두경,어울림출판사
영주학개론 10,"7,200원(-10%)",https://bookthumb-phinf.pstatic.net/cover/163/496/16349625.jpg?type=m1&udate=Mon May 11 16:11:04 KST 2020,http://book.naver.com/bookdb/book_detail.nhn?bid=16349625, 수호,어울림출판사
반복되는 타임리프 끝에 네 눈동자에 비치는 사람은,"11,520원(-10%)",https://bookthumb-phinf.pstatic.net/cover/163/492/16349212.jpg?type=m1&udate=Mon May 11 16:11:04 KST 2020,http://book.naver.com/bookdb/book_detail.nhn?bid=16349212, 아오바 유이치,제우미디어
행잉 가든(버티고 시리즈),"11,520원(-10%)",https://bookthumb-phinf.pstatic.net/cover/163/500/16350086.jpg?type=m1&udate=Mon May 11 16:11:04 KST 2020,http://book.naver.com/bookdb/book_detail.nhn?bid=16350086, 이언 랜킨,오픈하우스
일식이가 간다 35,"7,200원(-10%)",https://bookthumb-phinf.pstatic.net/cover/163/483/16348314.jpg?type=m1&udate=Mon May 11 16:11:04 KST 2020,http://book.naver.com/bookdb/book_detail.nhn?bid=16348314, 이후,스카이북
공주님은 공무 중,"4,680원(-10%)",https://bookthumb-phinf.pstatic.net/cover/163/454/16345417.jpg?type=m1&udate=Mon May 11 16:11:04 KST 2020,http://book.naver.com/bookdb/book_detail.nhn?bid=16345417, 피파 로스코,신영미디어
나쁜 남자의 비즈니스,"4,680원(-10%)",https://bookthumb-phinf.pstatic.net/cover/163/454/16345418.jpg?type=m1&udate=Mon May 11 16:11:04 KST 2020,http://book.naver.com/bookdb/book_detail.nhn?bid=16345418, 야라 세인트 존,신영미디어
더블 로열 스캔들,"4,680원(-10%)",https://bookthumb-phinf.pstatic.net/cover/163/454/16345419.jpg?type=m1&udate=Mon May 11 16:11:04 KST 2020,http://book.naver.com/bookdb/book_detail.nhn?bid=16345419, 린 그레이엄,신영미디어
흑기사를 조심하세요,"4,680원(-10%)",https://ssl.pstatic.net/static/book/image/juvenile_pest_82X116.gif&udate=Mon May 11 16:11:04 KST 2020,http://book.naver.com/bookdb/book_detail.nhn?bid=16345420, 레슬리 켈리,신영미디어
중독자의 죽음,"8,820원(-10%)",https://bookthumb-phinf.pstatic.net/cover/163/489/16348995.jpg?type=m1&udate=Mon May 11 16:11:04 KST 2020,http://book.naver.com/bookdb/book_detail.nhn?bid=16348995, M.C. 비턴,현대문학
이레(케이 스릴러),"12,150원(-10%)",https://bookthumb-phinf.pstatic.net/cover/163/386/16338607.jpg?type=m1&udate=Mon May 11 16:11:04 KST 2020,http://book.naver.com/bookdb/book_detail.nhn?bid=16338607, 김달리,고즈넉이엔티
행복배틀(케이 스릴러),"12,150원(-10%)",https://bookthumb-phinf.pstatic.net/cover/163/386/16338610.jpg?type=m1&udate=Mon May 11 16:11:04 KST 2020,http://book.naver.com/bookdb/book_detail.nhn?bid=16338610, 주영하,고즈넉이엔티
소설 소태산,"19,800원(-10%)",https://bookthumb-phinf.pstatic.net/cover/163/483/16348364.jpg?type=m1&udate=Mon May 11 16:11:04 KST 2020,http://book.naver.com/bookdb/book_detail.nhn?bid=16348364, 이혜화,북바이북
깨어나지 말 걸 그랬어(케이 스릴러),"12,150원(-10%)",https://bookthumb-phinf.pstatic.net/cover/163/385/16338584.jpg?type=m1&udate=Mon May 11 16:11:04 KST 2020,http://book.naver.com/bookdb/book_detail.nhn?bid=16338584, 김하림,고즈넉이엔티
마귀(케이 스릴러),"12,150원(-10%)",https://bookthumb-phinf.pstatic.net/cover/163/385/16338587.jpg?type=m1&udate=Mon May 11 16:11:04 KST 2020,http://book.naver.com/bookdb/book_detail.nhn?bid=16338587, 전건우,고즈넉이엔티
말괄량이 사이코패스(케이 스릴러),"11,250원(-10%)",https://bookthumb-phinf.pstatic.net/cover/163/385/16338590.jpg?type=m1&udate=Mon May 11 16:11:04 KST 2020,http://book.naver.com/bookdb/book_detail.nhn?bid=16338590, 기윤슬,고즈넉이엔티
비행엄마(케이 스릴러),"11,250원(-10%)",https://bookthumb-phinf.pstatic.net/cover/163/385/16338596.jpg?type=m1&udate=Mon May 11 16:11:04 KST 2020,http://book.naver.com/bookdb/book_detail.nhn?bid=16338596, 이지은,고즈넉이엔티
사라진 나라의 아이들(케이 스릴러),"12,150원(-10%)",https://bookthumb-phinf.pstatic.net/cover/163/386/16338604.jpg?type=m1&udate=Mon May 11 16:11:04 KST 2020,http://book.naver.com/bookdb/book_detail.nhn?bid=16338604, 이성진,고즈넉이엔티
꿈의 노벨레,"8,100원(-10%)",https://bookthumb-phinf.pstatic.net/cover/163/492/16349272.jpg?type=m1&udate=Mon May 11 16:11:04 KST 2020,http://book.naver.com/bookdb/book_detail.nhn?bid=16349272, 아르투어 슈니츨러,문학과지성사
꽃잎처럼,"12,600원(-10%)",https://bookthumb-phinf.pstatic.net/cover/163/487/16348795.jpg?type=m1&udate=Mon May 11 16:11:04 KST 2020,http://book.naver.com/bookdb/book_detail.nhn?bid=16348795, 정도상,다산책방
모래 사나이,"9,000원(-10%)",https://bookthumb-phinf.pstatic.net/cover/163/492/16349275.jpg?type=m1&udate=Mon May 11 16:11:04 KST 2020,http://book.naver.com/bookdb/book_detail.nhn?bid=16349275, E.T.A. 호프만,문학과지성사
버지니아 울프 단편소설 전집(버지니아 울프 전집 10),"17,100원(-10%)",https://bookthumb-phinf.pstatic.net/cover/163/419/16341940.jpg?type=m1&udate=Mon May 11 16:11:05 KST 2020,http://book.naver.com/bookdb/book_detail.nhn?bid=16341940, 버지니아 울프,솔
아! 남궁세가. 3,"7,200원(-10%)",https://bookthumb-phinf.pstatic.net/cover/163/491/16349156.jpg?type=m1&udate=Mon May 11 16:11:05 KST 2020,http://book.naver.com/bookdb/book_detail.nhn?bid=16349156, 풍백,영상출판미디어(영상노트)
잭 the 뱀파이어,"12,600원(-10%)",https://bookthumb-phinf.pstatic.net/cover/163/491/16349145.jpg?type=m1&udate=Mon May 11 16:11:05 KST 2020,http://book.naver.com/bookdb/book_detail.nhn?bid=16349145, 박지선,들녘
실비/오렐리아,"9,000원(-10%)",https://bookthumb-phinf.pstatic.net/cover/163/492/16349281.jpg?type=m1&udate=Mon May 11 16:11:05 KST 2020,http://book.naver.com/bookdb/book_detail.nhn?bid=16349281, 제라르 드 네르발,문학과지성사
삼국지 1,"16,200원(-10%)",https://bookthumb-phinf.pstatic.net/cover/163/450/16345002.jpg?type=m1&udate=Mon May 11 16:11:05 KST 2020,http://book.naver.com/bookdb/book_detail.nhn?bid=16345002, 나관중,우리책
게을러서 차원최강. 6,"7,200원(-10%)",https://bookthumb-phinf.pstatic.net/cover/163/491/16349157.jpg?type=m1&udate=Mon May 11 16:11:05 KST 2020,http://book.naver.com/bookdb/book_detail.nhn?bid=16349157, 고랭지,영상출판미디어(영상노트)
다행인지 불행인지 1,"11,700원(-10%)",https://bookthumb-phinf.pstatic.net/cover/163/388/16338820.jpg?type=m1&udate=Mon May 11 16:11:05 KST 2020,http://book.naver.com/bookdb/book_detail.nhn?bid=16338820, 노희다,연담
다행인지 불행인지 2,"11,700원(-10%)",https://bookthumb-phinf.pstatic.net/cover/163/388/16338821.jpg?type=m1&udate=Mon May 11 16:11:05 KST 2020,http://book.naver.com/bookdb/book_detail.nhn?bid=16338821, 노희다,연담
삼국지 2,"14,400원(-10%)",https://bookthumb-phinf.pstatic.net/cover/163/450/16345005.jpg?type=m1&udate=Mon May 11 16:11:05 KST 2020,http://book.naver.com/bookdb/book_detail.nhn?bid=16345005, 나관중,우리책
다행인지 불행인지 3,"11,700원(-10%)",https://bookthumb-phinf.pstatic.net/cover/163/388/16338825.jpg?type=m1&udate=Mon May 11 16:11:05 KST 2020,http://book.naver.com/bookdb/book_detail.nhn?bid=16338825, 노희다,연담
첫사랑,"8,100원(-10%)",https://bookthumb-phinf.pstatic.net/cover/163/492/16349268.jpg?type=m1&udate=Mon May 11 16:11:05 KST 2020,http://book.naver.com/bookdb/book_detail.nhn?bid=16349268, 사뮈엘 베케트,문학과지성사
다행인지 불행인지 4/완결,"11,700원(-10%)",https://bookthumb-phinf.pstatic.net/cover/163/388/16338826.jpg?type=m1&udate=Mon May 11 16:11:05 KST 2020,http://book.naver.com/bookdb/book_detail.nhn?bid=16338826, 노희다,연담
나의 할머니에게,"13,320원(-10%)",https://bookthumb-phinf.pstatic.net/cover/163/474/16347469.jpg?type=m1&udate=Mon May 11 16:11:05 KST 2020,http://book.naver.com/bookdb/book_detail.nhn?bid=16347469, 윤성희,다산책방
모자,"9,000원(-10%)",https://bookthumb-phinf.pstatic.net/cover/163/492/16349271.jpg?type=m1&udate=Mon May 11 16:11:05 KST 2020,http://book.naver.com/bookdb/book_detail.nhn?bid=16349271, 토마스 베른하르트,문학과지성사
다행인지 불행인지 1~4 - 전4권,"46,800원(-10%)",https://bookthumb-phinf.pstatic.net/cover/163/388/16338828.jpg?type=m1&udate=Mon May 11 16:11:05 KST 2020,http://book.naver.com/bookdb/book_detail.nhn?bid=16338828, 노희다,연담
전쟁과 사랑,"18,900원(-10%)",https://bookthumb-phinf.pstatic.net/cover/163/499/16349954.jpg?type=m1&udate=Mon May 11 16:11:05 KST 2020,http://book.naver.com/bookdb/book_detail.nhn?bid=16349954, 엔도 슈사쿠,바오로딸
레이첼의 죽음으로부터,"12,600원(-10%)",https://bookthumb-phinf.pstatic.net/cover/163/392/16339264.jpg?type=m1&udate=Mon May 11 16:11:05 KST 2020,http://book.naver.com/bookdb/book_detail.nhn?bid=16339264, 플린 베리,작가정신
푸른 고양이(푸른사상 소설선 27),"13,500원(-10%)",https://bookthumb-phinf.pstatic.net/cover/163/486/16348602.jpg?type=m1&udate=Mon May 11 16:11:05 KST 2020,http://book.naver.com/bookdb/book_detail.nhn?bid=16348602, 송지은,푸른사상
천산갑,"11,700원(-10%)",https://bookthumb-phinf.pstatic.net/cover/163/490/16349034.jpg?type=m1&udate=Mon May 11 16:11:05 KST 2020,http://book.naver.com/bookdb/book_detail.nhn?bid=16349034, 정문,바른북스
케미컬 연애학,"9,000원",https://bookthumb-phinf.pstatic.net/cover/163/483/16348361.jpg?type=m1&udate=Mon May 11 16:11:05 KST 2020,http://book.naver.com/bookdb/book_detail.nhn?bid=16348361, 소상난소월,부크크(Bookk)
15만번의 챌린저 13,"7,200원(-10%)",https://bookthumb-phinf.pstatic.net/cover/163/490/16349061.jpg?type=m1&udate=Mon May 11 16:11:05 KST 2020,http://book.naver.com/bookdb/book_detail.nhn?bid=16349061, 예정후,로크미디어
HEIDI - 알프스 소녀 하이디 (영문원서),"19,300원",https://bookthumb-phinf.pstatic.net/cover/163/483/16348388.jpg?type=m1&udate=Mon May 11 16:11:05 KST 2020,http://book.naver.com/bookdb/book_detail.nhn?bid=16348388, 요하나 슈피리 (Johanna Spyri),부크크(Bookk)
회귀자의 그랜드슬램 16,"7,200원(-10%)",https://bookthumb-phinf.pstatic.net/cover/163/490/16349063.jpg?type=m1&udate=Mon May 11 16:11:05 KST 2020,http://book.naver.com/bookdb/book_detail.nhn?bid=16349063, mensol,로크미디어
할 말이 있어,"10,000원",https://bookthumb-phinf.pstatic.net/cover/163/484/16348409.jpg?type=m1&udate=Mon May 11 16:11:05 KST 2020,http://book.naver.com/bookdb/book_detail.nhn?bid=16348409, 김민주,부크크(Bookk)
아닌 척 했지만,"13,000원",https://bookthumb-phinf.pstatic.net/cover/163/483/16348343.jpg?type=m1&udate=Mon May 11 16:11:05 KST 2020,http://book.naver.com/bookdb/book_detail.nhn?bid=16348343, 김보영,부크크(Bookk)
한 번쯤은 이야기해보고 싶었어,"14,000원",https://bookthumb-phinf.pstatic.net/cover/163/483/16348345.jpg?type=m1&udate=Mon May 11 16:11:05 KST 2020,http://book.naver.com/bookdb/book_detail.nhn?bid=16348345, 곽은용,부크크(Bookk)
가장 보통의 글,"13,500원",https://bookthumb-phinf.pstatic.net/cover/163/483/16348347.jpg?type=m1&udate=Mon May 11 16:11:05 KST 2020,http://book.naver.com/bookdb/book_detail.nhn?bid=16348347, 김지윤,부크크(Bookk)
계단 끝에 다락방,"12,000원",https://bookthumb-phinf.pstatic.net/cover/163/483/16348351.jpg?type=m1&udate=Mon May 11 16:11:05 KST 2020,http://book.naver.com/bookdb/book_detail.nhn?bid=16348351, 김계현,부크크(Bookk)
두 번 사는 랭커 18,"7,200원(-10%)",https://bookthumb-phinf.pstatic.net/cover/163/490/16349003.jpg?type=m1&udate=Mon May 11 16:11:05 KST 2020,http://book.naver.com/bookdb/book_detail.nhn?bid=16349003, 사도연,드림북스
"같은 시간, 다른 장소","13,500원",https://bookthumb-phinf.pstatic.net/cover/163/483/16348352.jpg?type=m1&udate=Mon May 11 16:11:05 KST 2020,http://book.naver.com/bookdb/book_detail.nhn?bid=16348352, 김민경,부크크(Bookk)
두 번 사는 랭커 19,"7,200원(-10%)",https://bookthumb-phinf.pstatic.net/cover/163/490/16349007.jpg?type=m1&udate=Mon May 11 16:11:05 KST 2020,http://book.naver.com/bookdb/book_detail.nhn?bid=16349007, 사도연,드림북스
"세 개의 단어, 그리고 십 분","12,600원(-10%)",https://bookthumb-phinf.pstatic.net/cover/163/425/16342511.jpg?type=m1&udate=Mon May 11 16:11:05 KST 2020,http://book.naver.com/bookdb/book_detail.nhn?bid=16342511, 박지현,아홉프레스
모팽 양(이삭줍기 환상문학 3),"13,500원(-10%)",https://bookthumb-phinf.pstatic.net/cover/163/454/16345483.jpg?type=m1&udate=Mon May 11 16:11:05 KST 2020,http://book.naver.com/bookdb/book_detail.nhn?bid=16345483, 테오필 고티에,열림원
리옴빠,"15,300원(-10%)",https://bookthumb-phinf.pstatic.net/cover/163/454/16345496.jpg?type=m1&udate=Mon May 11 16:11:05 KST 2020,http://book.naver.com/bookdb/book_detail.nhn?bid=16345496, 유리 올레샤,미행
카구야 프로젝트,"13,320원(-10%)",https://bookthumb-phinf.pstatic.net/cover/163/403/16340354.jpg?type=m1&udate=Mon May 11 16:11:05 KST 2020,http://book.naver.com/bookdb/book_detail.nhn?bid=16340354, 원샨,아작
엔딩 보게 해주세요,"12,600원(-10%)",https://bookthumb-phinf.pstatic.net/cover/163/013/16301362.jpg?type=m1&udate=Mon May 11 16:11:05 KST 2020,http://book.naver.com/bookdb/book_detail.nhn?bid=16301362, 김보영,요다
밤 끝으로의 여행,"25,200원(-10%)",https://bookthumb-phinf.pstatic.net/cover/163/400/16340053.jpg?type=m1&udate=Mon May 11 16:11:05 KST 2020,http://book.naver.com/bookdb/book_detail.nhn?bid=16340053, 루이 훼르디낭 쎌린느,최측의농간
어쩌다 신데렐라,"12,200원",https://bookthumb-phinf.pstatic.net/cover/163/477/16347775.jpg?type=m1&udate=Mon May 11 16:11:05 KST 2020,http://book.naver.com/bookdb/book_detail.nhn?bid=16347775, 이준호,부크크(Bookk)
오 헨리 단편선(2020년 리커버)(개정판),"11,520원(-10%)",https://bookthumb-phinf.pstatic.net/cover/163/445/16344571.jpg?type=m1&udate=Mon May 11 16:11:05 KST 2020,http://book.naver.com/bookdb/book_detail.nhn?bid=16344571, 오 헨리,책만드는집
"서른다섯, 다시 시작해","11,880원(-10%)",https://bookthumb-phinf.pstatic.net/cover/163/293/16329358.jpg?type=m1&udate=Mon May 11 16:11:05 KST 2020,http://book.naver.com/bookdb/book_detail.nhn?bid=16329358, 강혁모,마음세상
만년만에 귀환한 플레이어 10,"7,200원(-10%)",https://bookthumb-phinf.pstatic.net/cover/163/475/16347558.jpg?type=m1&udate=Mon May 11 16:11:05 KST 2020,http://book.naver.com/bookdb/book_detail.nhn?bid=16347558, 나비계곡,위시북스
닐라칸타 Nilakantha,"16,200원(-10%)",https://bookthumb-phinf.pstatic.net/cover/163/435/16343546.jpg?type=m1&udate=Mon May 11 16:11:05 KST 2020,http://book.naver.com/bookdb/book_detail.nhn?bid=16343546, 장량,세니오
그들의 변명,"20,000원",https://bookthumb-phinf.pstatic.net/cover/163/475/16347566.jpg?type=m1&udate=Mon May 11 16:11:05 KST 2020,http://book.naver.com/bookdb/book_detail.nhn?bid=16347566, 원윤경,부크크(Bookk)
Dream of The Moon,"12,300원",https://bookthumb-phinf.pstatic.net/cover/163/475/16347567.jpg?type=m1&udate=Mon May 11 16:11:05 KST 2020,http://book.naver.com/bookdb/book_detail.nhn?bid=16347567, 김우진,부크크(Bookk)
파리의 동쪽,"16,200원(-10%)",https://bookthumb-phinf.pstatic.net/cover/163/474/16347415.jpg?type=m1&udate=Mon May 11 16:11:05 KST 2020,http://book.naver.com/bookdb/book_detail.nhn?bid=16347415, 니콜라 보코브,스틸로그라프
십자가 벌판,"13,500원(-10%)",https://bookthumb-phinf.pstatic.net/cover/163/457/16345747.jpg?type=m1&udate=Mon May 11 16:11:05 KST 2020,http://book.naver.com/bookdb/book_detail.nhn?bid=16345747, 까를로스 알폰소,재남
겐지 이야기 2,"14,400원(-10%)",https://bookthumb-phinf.pstatic.net/cover/163/242/16324208.jpg?type=m1&udate=Mon May 11 16:11:05 KST 2020,http://book.naver.com/bookdb/book_detail.nhn?bid=16324208, 무라사키 시키부,동서문화사
달뜨기 마을,"12,420원(-10%)",https://bookthumb-phinf.pstatic.net/cover/163/392/16339255.jpg?type=m1&udate=Mon May 11 16:11:05 KST 2020,http://book.naver.com/bookdb/book_detail.nhn?bid=16339255, 안재성,목선재
겐지 이야기 3,"14,400원(-10%)",https://bookthumb-phinf.pstatic.net/cover/163/242/16324210.jpg?type=m1&udate=Mon May 11 16:11:05 KST 2020,http://book.naver.com/bookdb/book_detail.nhn?bid=16324210, 무라사키 시키부,동서문화사
페스트(미니북),"5,850원(-10%)",https://bookthumb-phinf.pstatic.net/cover/163/475/16347541.jpg?type=m1&udate=Mon May 11 16:11:05 KST 2020,http://book.naver.com/bookdb/book_detail.nhn?bid=16347541, 알베르 카뮈,자화상
페스트,"10,620원(-10%)",https://bookthumb-phinf.pstatic.net/cover/163/475/16347543.jpg?type=m1&udate=Mon May 11 16:11:05 KST 2020,http://book.naver.com/bookdb/book_detail.nhn?bid=16347543, 알베르 카뮈,자화상
변혁 1998. 4: 변혁 2부,"7,200원(-10%)",https://bookthumb-phinf.pstatic.net/cover/163/488/16348859.jpg?type=m1&udate=Mon May 11 16:11:05 KST 2020,http://book.naver.com/bookdb/book_detail.nhn?bid=16348859, 천지무천,청어람
호랑이 눈썹,"11,700원(-10%)",https://bookthumb-phinf.pstatic.net/cover/163/475/16347546.jpg?type=m1&udate=Mon May 11 16:11:05 KST 2020,http://book.naver.com/bookdb/book_detail.nhn?bid=16347546, 손석춘,단비
곱세크,"10,350원(-10%)",https://bookthumb-phinf.pstatic.net/cover/163/474/16347401.jpg?type=m1&udate=Mon May 11 16:11:05 KST 2020,http://book.naver.com/bookdb/book_detail.nhn?bid=16347401, 오노레 드 발자크,꿈꾼문고
시절과 기분,"12,600원(-10%)",https://bookthumb-phinf.pstatic.net/cover/163/435/16343515.jpg?type=m1&udate=Mon May 11 16:11:05 KST 2020,http://book.naver.com/bookdb/book_detail.nhn?bid=16343515, 김봉곤,창비
겐지 이야기 1,"14,400원(-10%)",https://bookthumb-phinf.pstatic.net/cover/163/242/16324205.jpg?type=m1&udate=Mon May 11 16:11:05 KST 2020,http://book.naver.com/bookdb/book_detail.nhn?bid=16324205, 무라사키 시키부,동서문화사
맥티그,"14,400원(-10%)",https://bookthumb-phinf.pstatic.net/cover/163/382/16338281.jpg?type=m1&udate=Mon May 11 16:11:05 KST 2020,http://book.naver.com/bookdb/book_detail.nhn?bid=16338281, 프랭크 노리스,을유문화사
마녀환상곡 하,"12,150원(-10%)",https://bookthumb-phinf.pstatic.net/cover/163/490/16349029.jpg?type=m1&udate=Mon May 11 16:11:05 KST 2020,http://book.naver.com/bookdb/book_detail.nhn?bid=16349029, 꼬리별,바른북스
뿌리 없는 별들,"10,800원(-10%)",https://bookthumb-phinf.pstatic.net/cover/163/439/16343972.jpg?type=m1&udate=Mon May 11 16:11:05 KST 2020,http://book.naver.com/bookdb/book_detail.nhn?bid=16343972, 은림,알마
오만과 편견(풀컬러 일러스트 에디션)(아르볼 N클래식)(양장본 HardCover),"22,500원(-10%)",https://bookthumb-phinf.pstatic.net/cover/163/435/16343504.jpg?type=m1&udate=Mon May 11 16:11:05 KST 2020,http://book.naver.com/bookdb/book_detail.nhn?bid=16343504, 제인 오스틴,지학사 아르볼
